{"cameraMode":{"drawMode":0,"name":"Shaded","section":"Shading Mode"},"sceneLighting":false,"audioPlay":false,"sceneViewState":{"showFog":false,"showMaterialUpdate":false,"showSkybox":false,"showFlares":false,"showImageEffects":true,"showParticleSystems":true},"in2DMode":false,"pivot":{"x":295.1851806640625,"y":456.6666564941406,"z":0.0},"rotation":{"x":-0.10445719212293625,"y":0.028335679322481157,"z":0.002978249453008175,"w":0.9941237568855286},"size":99.48171997070313,"orthographic":false}