{"cameraMode":{"drawMode":0,"name":"Shaded","section":"Shading Mode"},"sceneLighting":false,"audioPlay":false,"sceneViewState":{"showFog":false,"showMaterialUpdate":false,"showSkybox":false,"showFlares":false,"showImageEffects":true,"showParticleSystems":true},"in2DMode":false,"pivot":{"x":585.2283935546875,"y":591.4012451171875,"z":0.0},"rotation":{"x":-0.05272674560546875,"y":0.047014180570840839,"z":-0.002484818920493126,"w":-0.9974994659423828},"size":1178.6527099609375,"orthographic":false}