{"cameraMode":{"drawMode":0,"name":"Shaded","section":"Shading Mode"},"sceneLighting":false,"audioPlay":false,"sceneViewState":{"showFog":false,"showMaterialUpdate":false,"showSkybox":false,"showFlares":false,"showImageEffects":true,"showParticleSystems":true},"in2DMode":false,"pivot":{"x":-2.787351608276367,"y":3.586803436279297,"z":-2.418212890625},"rotation":{"x":-0.10909145325422287,"y":0.1872980296611786,"z":-0.020928874611854554,"w":-0.9760090708732605},"size":12.363832473754883,"orthographic":false}